Workbook

Sheet 说明与项目清单
B2: 2026年度 研发工时分配表（研发部门填报） 使用说明
B4: 一、表格用途
B5: 本工作簿由研发部门按月填报，是研发费用归集分摊的唯一原始依据。财务部门据此计算人员人工费用、设备折旧费、无形资产摊销费在各研发项目之间的分摊金额。
B6: 二、填写规则
B7: 1. 黄色底纹单元格为填写区，其余为公式区，请勿覆盖或删除公式。
B8: 2. 每月末填写三张【月报】表，打印后由填报人、研发负责人签字，作为纸质备查资料存档。
B9: 3. 签字后，将当月数据追加录入对应的三张【年度台账】表（月份列填 1—12 的数字），于次月 5 日前将本工作簿提交财务。
B10: 4. 【非研发活动工时】= 当月总工时 − 各研发项目工时合计，由公式自动计算，用于把费用在研发与非研发之间先行划分。
B11: 5. 一人（一台设备）当月分摊到各项目的工时合计不得大于当月总工时，【校验】列出现提示时必须修正后再提交。
B12: 校验提示含义：缺月份＝年度台账月份列没填（财务汇总时这行会被漏掉）；缺总工时＝当月总工时为 0；工时超出＝各项目工时合计大于当月总工时。
B13: 6. 项目编号、项目名称统一在下方【项目清单】维护，各表表头自动引用，不要在各表中直接改写。
B14: 三、口径说明
... B18: 项目清单（黄色区域由财务/研发共同维护，最多 8 个项目）
B19: 序号 | C19: 项目编号 | D19: 项目名称 | E19: 立项日期 | F19: 结项日期 | G19: 项目负责人 | H19: 备注
B20: 1 | C20: RD01 | D20: 高导热复合胶带研发 | E20: 2026-01-05 | F20: 2026-12-31 | G20: 张三 | H20: 示例，请按实际替换
B21: 2 | C21: RD02 | D21: 低介电泡棉材料研发 | E21: 2026-02-01 | F21: 2026-11-30 | G21: 李四
B22: 3 | C22: RD03 | D22: 精密分切工艺改进 | E22: 2026-01-10 | F22: 2026-09-30 | G22: 王五
B23: 4 | C23: RD04 | D23: 抗静电表面处理技术 | E23: 2026-03-01 | F23: 2026-12-31 | G23: 赵六
B24: 5 | C24: RD05 | D24: 超薄贴合工艺开发 | E24: 2026-04-01 | F24: 2026-12-31 | G24: 陈七
B25: 6 | C25: RD06
B26: 7 | C26: RD07
B27: 8 | C27: RD08
B29: 注：项目编号必须与财务《研发费用分摊表》参数设置页完全一致。

Sheet 人员工时月报
B2: 研发人员工时分配表（月度）
O3: 日期(年/月)： | P3: 46266
B4: 序号 | C4: 姓名 | D4: 当月总工时 （小时） | E4: 非研发活动工时 （小时） | F4: 各项目分配工时（小时） | O4: 分摊系数 | P4: 校验 | Q4: 备注
F5: =说明与项目清单!$C$20 -> RD01 | G5: =说明与项目清单!$C$21 -> RD02 | H5: =说明与项目清单!$C$22 -> RD03 | I5: =说明与项目清单!$C$23 -> RD04 | J5: =说明与项目清单!$C$24 -> RD05 | K5: =说明与项目清单!$C$25 -> RD06 | L5: =说明与项目清单!$C$26 -> RD07 | M5: =说明与项目清单!$C$27 -> RD08 | N5: 合计 | O5: 研发工时/总工时
F6: =说明与项目清单!$D$20 -> 高导热复合胶带研发 | G6: =说明与项目清单!$D$21 -> 低介电泡棉材料研发 | H6: =说明与项目清单!$D$22 -> 精密分切工艺改进 | I6: =说明与项目清单!$D$23 -> 抗静电表面处理技术 | J6: =说明与项目清单!$D$24 -> 超薄贴合工艺开发 | K6: =说明与项目清单!$D$25 -> 0 | L6: =说明与项目清单!$D$26 -> 0 | M6: =说明与项目清单!$D$27 -> 0
B7: 1 | C7: 张三 | D7: 172.5 | E7: =IF($C7="","",$D7-$N7) -> 42.5 | F7: 60 | G7: 40 | H7: 30 | N7: =IF($C7="","",SUM(F7:M7)) -> 130 | O7: =IF(OR($C7="",$D7=0),"",$N7/$D7) -> 0.75362319 | P7: =IF($C7="","",IF($D7=0,"缺总工时",IF(ROUND($N7-$D7,2)>0,"工时超出","√"))) -> √ | Q7: 示例数据，启用前请清空
B8: 2 | C8: 李四 | D8: 172.5 | E8: =IF($C8="","",$D8-$N8) -> 62.5 | G8: 50 | I8: 60 | N8: =IF($C8="","",SUM(F8:M8)) -> 110 | O8: =IF(OR($C8="",$D8=0),"",$N8/$D8) -> 0.63768116 | P8: =IF($C8="","",IF($D8=0,"缺总工时",IF(ROUND($N8-$D8,2)>0,"工时超出","√"))) -> √
B9: 3 | C9: 王五 | D9: 172.5 | E9: =IF($C9="","",$D9-$N9) -> 52.5 | F9: 45 | H9: 45 | J9: 30 | N9: =IF($C9="","",SUM(F9:M9)) -> 120 | O9: =IF(OR($C9="",$D9=0),"",$N9/$D9) -> 0.69565217 | P9: =IF($C9="","",IF($D9=0,"缺总工时",IF(ROUND($N9-$D9,2)>0,"工时超出","√"))) -> √
B10: 4 | C10: 赵六 | D10: 172.5 | E10: =IF($C10="","",$D10-$N10) -> 52.5 | H10: 70 | I10: 50 | N10: =IF($C10="","",SUM(F10:M10)) -> 120 | O10: =IF(OR($C10="",$D10=0),"",$N10/$D10) -> 0.69565217 | P10: =IF($C10="","",IF($D10=0,"缺总工时",IF(ROUND($N10-$D10,2)>0,"工时超出","√"))) -> √
B11: 5 | C11: 陈七 | D11: 172.5 | E11: =IF($C11="","",$D11-$N11) -> 32.5 | F11: 30 | G11: 30 | J11: 80 | N11: =IF($C11="","",SUM(F11:M11)) -> 140 | O11: =IF(OR($C11="",$D11=0),"",$N11/$D11) -> 0.8115942 | P11: =IF($C11="","",IF($D11=0,"缺总工时",IF(ROUND($N11-$D11,2)>0,"工时超出","√"))) -> √
B12: 6 | E12: =IF($C12="","",$D12-$N12) | N12: =IF($C12="","",SUM(F12:M12)) | O12: =IF(OR($C12="",$D12=0),"",$N12/$D12) | P12: =IF($C12="","",IF($D12=0,"缺总工时",IF(ROUND($N12-$D12,2)>0,"工时超出","√")))
B13: 7 | E13: =IF($C13="","",$D13-$N13) | N13: =IF($C13="","",SUM(F13:M13)) | O13: =IF(OR($C13="",$D13=0),"",$N13/$D13) | P13: =IF($C13="","",IF($D13=0,"缺总工时",IF(ROUND($N13-$D13,2)>0,"工时超出","√")))
B14: 8 | E14: =IF($C14="","",$D14-$N14) | N14: =IF($C14="","",SUM(F14:M14)) | O14: =IF(OR($C14="",$D14=0),"",$N14/$D14) | P14: =IF($C14="","",IF($D14=0,"缺总工时",IF(ROUND($N14-$D14,2)>0,"工时超出","√")))
B15: 9 | E15: =IF($C15="","",$D15-$N15) | N15: =IF($C15="","",SUM(F15:M15)) | O15: =IF(OR($C15="",$D15=0),"",$N15/$D15) | P15: =IF($C15="","",IF($D15=0,"缺总工时",IF(ROUND($N15-$D15,2)>0,"工时超出","√")))
B16: 10 | E16: =IF($C16="","",$D16-$N16) | N16: =IF($C16="","",SUM(F16:M16)) | O16: =IF(OR($C16="",$D16=0),"",$N16/$D16) | P16: =IF($C16="","",IF($D16=0,"缺总工时",IF(ROUND($N16-$D16,2)>0,"工时超出","√")))
B17: 11 | E17: =IF($C17="","",$D17-$N17) | N17: =IF($C17="","",SUM(F17:M17)) | O17: =IF(OR($C17="",$D17=0),"",$N17/$D17) | P17: =IF($C17="","",IF($D17=0,"缺总工时",IF(ROUND($N17-$D17,2)>0,"工时超出","√")))
B18: 12 | E18: =IF($C18="","",$D18-$N18) | N18: =IF($C18="","",SUM(F18:M18)) | O18: =IF(OR($C18="",$D18=0),"",$N18/$D18) | P18: =IF($C18="","",IF($D18=0,"缺总工时",IF(ROUND($N18-$D18,2)>0,"工时超出","√")))
B19: 13 | E19: =IF($C19="","",$D19-$N19) | N19: =IF($C19="","",SUM(F19:M19)) | O19: =IF(OR($C19="",$D19=0),"",$N19/$D19) | P19: =IF($C19="","",IF($D19=0,"缺总工时",IF(ROUND($N19-$D19,2)>0,"工时超出","√")))
B20: 14 | E20: =IF($C20="","",$D20-$N20) | N20: =IF($C20="","",SUM(F20:M20)) | O20: =IF(OR($C20="",$D20=0),"",$N20/$D20) | P20: =IF($C20="","",IF($D20=0,"缺总工时",IF(ROUND($N20-$D20,2)>0,"工时超出","√")))
B21: 15 | E21: =IF($C21="","",$D21-$N21) | N21: =IF($C21="","",SUM(F21:M21)) | O21: =IF(OR($C21="",$D21=0),"",$N21/$D21) | P21: =IF($C21="","",IF($D21=0,"缺总工时",IF(ROUND($N21-$D21,2)>0,"工时超出","√")))
B22: 16 | E22: =IF($C22="","",$D22-$N22) | N22: =IF($C22="","",SUM(F22:M22)) | O22: =IF(OR($C22="",$D22=0),"",$N22/$D22) | P22: =IF($C22="","",IF($D22=0,"缺总工时",IF(ROUND($N22-$D22,2)>0,"工时超出","√")))
B23: 17 | E23: =IF($C23="","",$D23-$N23) | N23: =IF($C23="","",SUM(F23:M23)) | O23: =IF(OR($C23="",$D23=0),"",$N23/$D23) | P23: =IF($C23="","",IF($D23=0,"缺总工时",IF(ROUND($N23-$D23,2)>0,"工时超出","√")))
... B26: 20 | E26: =IF($C26="","",$D26-$N26) | N26: =IF($C26="","",SUM(F26:M26)) | O26: =IF(OR($C26="",$D26=0),"",$N26/$D26) | P26: =IF($C26="","",IF($D26=0,"缺总工时",IF(ROUND($N26-$D26,2)>0,"工时超出","√")))
B27: 合 计 | D27: =SUM(D7:D26) -> 862.5 | E27: =SUM(E7:E26) -> 242.5 | F27: =SUM(F7:F26) -> 135 | G27: =SUM(G7:G26) -> 120 | H27: =SUM(H7:H26) -> 145 | I27: =SUM(I7:I26) -> 110 | J27: =SUM(J7:J26) -> 110 | K27: =SUM(K7:K26) -> 0 | ... N27: =SUM(N7:N26) -> 620 | O27: =IF($D27=0,"",$N27/$D27) -> 0.71884058
D29: 填 报： | M29: 研发负责人：
B31: 填表说明：黄色底纹＝手工填写；白色＝公式自动计算，请勿覆盖。非研发活动工时＝当月总工时−各项目工时合计。

Sheet 设备工时月报
B2: 研发设备工时分配表（月度）
P3: 日期(年/月)： | Q3: 46266
B4: 序号 | C4: 设备编号 | D4: 设备名称 | E4: 运行总工时 （小时） | F4: 非研发活动工时 （小时） | G4: 各项目分配工时（小时） | P4: 分摊系数 | Q4: 校验 | R4: 备注
G5: =说明与项目清单!$C$20 -> RD01 | H5: =说明与项目清单!$C$21 -> RD02 | I5: =说明与项目清单!$C$22 -> RD03 | J5: =说明与项目清单!$C$23 -> RD04 | K5: =说明与项目清单!$C$24 -> RD05 | L5: =说明与项目清单!$C$25 -> RD06 | M5: =说明与项目清单!$C$26 -> RD07 | N5: =说明与项目清单!$C$27 -> RD08 | O5: 合计 | P5: 研发工时/总工时
G6: =说明与项目清单!$D$20 -> 高导热复合胶带研发 | H6: =说明与项目清单!$D$21 -> 低介电泡棉材料研发 | I6: =说明与项目清单!$D$22 -> 精密分切工艺改进 | J6: =说明与项目清单!$D$23 -> 抗静电表面处理技术 | K6: =说明与项目清单!$D$24 -> 超薄贴合工艺开发 | L6: =说明与项目清单!$D$25 -> 0 | M6: =说明与项目清单!$D$26 -> 0 | N6: =说明与项目清单!$D$27 -> 0
B7: 1 | C7: 046 | D7: 贴合分条机 | E7: 180 | F7: =IF($C7="","",$E7-$O7) -> 36 | G7: 36 | H7: 36 | J7: 36 | K7: 36 | O7: =IF($C7="","",SUM(G7:N7)) -> 144 | P7: =IF(OR($C7="",$E7=0),"",$O7/$E7) -> 0.8 | Q7: =IF($C7="","",IF($E7=0,"缺总工时",IF(ROUND($O7-$E7,2)>0,"工时超出","√"))) -> √ | R7: 共用
B8: 2 | C8: 054 | D8: 风淋室 | E8: 180 | F8: =IF($C8="","",$E8-$O8) -> 72 | H8: 36 | I8: 36 | J8: 36 | O8: =IF($C8="","",SUM(G8:N8)) -> 108 | P8: =IF(OR($C8="",$E8=0),"",$O8/$E8) -> 0.6 | Q8: =IF($C8="","",IF($E8=0,"缺总工时",IF(ROUND($O8-$E8,2)>0,"工时超出","√"))) -> √ | R8: 共用
B9: 3 | C9: 084 | D9: 1450分条机 | E9: 180 | F9: =IF($C9="","",$E9-$O9) -> 36 | G9: 36 | H9: 36 | I9: 36 | K9: 36 | O9: =IF($C9="","",SUM(G9:N9)) -> 144 | P9: =IF(OR($C9="",$E9=0),"",$O9/$E9) -> 0.8 | Q9: =IF($C9="","",IF($E9=0,"缺总工时",IF(ROUND($O9-$E9,2)>0,"工时超出","√"))) -> √ | R9: 共用
B10: 4 | C10: 083 | D10: 650贴合机 | E10: 180 | F10: =IF($C10="","",$E10-$O10) -> 72 | I10: 36 | J10: 36 | K10: 36 | O10: =IF($C10="","",SUM(G10:N10)) -> 108 | P10: =IF(OR($C10="",$E10=0),"",$O10/$E10) -> 0.6 | Q10: =IF($C10="","",IF($E10=0,"缺总工时",IF(ROUND($O10-$E10,2)>0,"工时超出","√"))) -> √ | R10: 共用
B11: 5 | C11: 072 | D11: 650表面卷曲分条机 | E11: 180 | F11: =IF($C11="","",$E11-$O11) -> 108 | I11: 36 | K11: 36 | O11: =IF($C11="","",SUM(G11:N11)) -> 72 | P11: =IF(OR($C11="",$E11=0),"",$O11/$E11) -> 0.4 | Q11: =IF($C11="","",IF($E11=0,"缺总工时",IF(ROUND($O11-$E11,2)>0,"工时超出","√"))) -> √ | R11: 共用
B12: 6 | C12: 082 | D12: 精密双轴分切机 | E12: 180 | F12: =IF($C12="","",$E12-$O12) -> 144 | I12: 36 | O12: =IF($C12="","",SUM(G12:N12)) -> 36 | P12: =IF(OR($C12="",$E12=0),"",$O12/$E12) -> 0.2 | Q12: =IF($C12="","",IF($E12=0,"缺总工时",IF(ROUND($O12-$E12,2)>0,"工时超出","√"))) -> √ | R12: 共用
B13: 7 | C13: 071 | D13: 高精密立板式涂布机 | E13: 180 | F13: =IF($C13="","",$E13-$O13) -> 144 | I13: 36 | O13: =IF($C13="","",SUM(G13:N13)) -> 36 | P13: =IF(OR($C13="",$E13=0),"",$O13/$E13) -> 0.2 | Q13: =IF($C13="","",IF($E13=0,"缺总工时",IF(ROUND($O13-$E13,2)>0,"工时超出","√"))) -> √ | R13: 共用
B14: 8 | C14: 080 | D14: 傅里叶变换红外光谱仪 | E14: 180 | F14: =IF($C14="","",$E14-$O14) -> 180 | O14: =IF($C14="","",SUM(G14:N14)) -> 0 | P14: =IF(OR($C14="",$E14=0),"",$O14/$E14) -> 0 | Q14: =IF($C14="","",IF($E14=0,"缺总工时",IF(ROUND($O14-$E14,2)>0,"工时超出","√"))) -> √ | R14: 共用
B15: 9 | C15: 086 | D15: 1300高精密复卷机 | E15: 180 | F15: =IF($C15="","",$E15-$O15) -> 144 | H15: 36 | O15: =IF($C15="","",SUM(G15:N15)) -> 36 | P15: =IF(OR($C15="",$E15=0),"",$O15/$E15) -> 0.2 | Q15: =IF($C15="","",IF($E15=0,"缺总工时",IF(ROUND($O15-$E15,2)>0,"工时超出","√"))) -> √ | R15: 共用
B16: 10 | C16: 079 | D16: 1200MM泡棉分条机 | E16: 180 | F16: =IF($C16="","",$E16-$O16) -> 144 | H16: 36 | O16: =IF($C16="","",SUM(G16:N16)) -> 36 | P16: =IF(OR($C16="",$E16=0),"",$O16/$E16) -> 0.2 | Q16: =IF($C16="","",IF($E16=0,"缺总工时",IF(ROUND($O16-$E16,2)>0,"工时超出","√"))) -> √ | R16: 共用
B17: 11 | C17: 081 | D17: 表面电阻测试仪 | E17: 180 | F17: =IF($C17="","",$E17-$O17) -> 0 | G17: 36 | H17: 36 | I17: 36 | J17: 36 | K17: 36 | O17: =IF($C17="","",SUM(G17:N17)) -> 180 | P17: =IF(OR($C17="",$E17=0),"",$O17/$E17) -> 1 | Q17: =IF($C17="","",IF($E17=0,"缺总工时",IF(ROUND($O17-$E17,2)>0,"工时超出","√"))) -> √ | R17: 研发专用
B18: 12 | F18: =IF($C18="","",$E18-$O18) | O18: =IF($C18="","",SUM(G18:N18)) | P18: =IF(OR($C18="",$E18=0),"",$O18/$E18) | Q18: =IF($C18="","",IF($E18=0,"缺总工时",IF(ROUND($O18-$E18,2)>0,"工时超出","√")))
B19: 13 | F19: =IF($C19="","",$E19-$O19) | O19: =IF($C19="","",SUM(G19:N19)) | P19: =IF(OR($C19="",$E19=0),"",$O19/$E19) | Q19: =IF($C19="","",IF($E19=0,"缺总工时",IF(ROUND($O19-$E19,2)>0,"工时超出","√")))
B20: 14 | F20: =IF($C20="","",$E20-$O20) | O20: =IF($C20="","",SUM(G20:N20)) | P20: =IF(OR($C20="",$E20=0),"",$O20/$E20) | Q20: =IF($C20="","",IF($E20=0,"缺总工时",IF(ROUND($O20-$E20,2)>0,"工时超出","√")))
B21: 15 | F21: =IF($C21="","",$E21-$O21) | O21: =IF($C21="","",SUM(G21:N21)) | P21: =IF(OR($C21="",$E21=0),"",$O21/$E21) | Q21: =IF($C21="","",IF($E21=0,"缺总工时",IF(ROUND($O21-$E21,2)>0,"工时超出","√")))
B22: 16 | F22: =IF($C22="","",$E22-$O22) | O22: =IF($C22="","",SUM(G22:N22)) | P22: =IF(OR($C22="",$E22=0),"",$O22/$E22) | Q22: =IF($C22="","",IF($E22=0,"缺总工时",IF(ROUND($O22-$E22,2)>0,"工时超出","√")))
B23: 17 | F23: =IF($C23="","",$E23-$O23) | O23: =IF($C23="","",SUM(G23:N23)) | P23: =IF(OR($C23="",$E23=0),"",$O23/$E23) | Q23: =IF($C23="","",IF($E23=0,"缺总工时",IF(ROUND($O23-$E23,2)>0,"工时超出","√")))
B24: 18 | F24: =IF($C24="","",$E24-$O24) | O24: =IF($C24="","",SUM(G24:N24)) | P24: =IF(OR($C24="",$E24=0),"",$O24/$E24) | Q24: =IF($C24="","",IF($E24=0,"缺总工时",IF(ROUND($O24-$E24,2)>0,"工时超出","√")))
B25: 19 | F25: =IF($C25="","",$E25-$O25) | O25: =IF($C25="","",SUM(G25:N25)) | P25: =IF(OR($C25="",$E25=0),"",$O25/$E25) | Q25: =IF($C25="","",IF($E25=0,"缺总工时",IF(ROUND($O25-$E25,2)>0,"工时超出","√")))
B26: 20 | F26: =IF($C26="","",$E26-$O26) | O26: =IF($C26="","",SUM(G26:N26)) | P26: =IF(OR($C26="",$E26=0),"",$O26/$E26) | Q26: =IF($C26="","",IF($E26=0,"缺总工时",IF(ROUND($O26-$E26,2)>0,"工时超出","√")))
B27: 21 | F27: =IF($C27="","",$E27-$O27) | O27: =IF($C27="","",SUM(G27:N27)) | P27: =IF(OR($C27="",$E27=0),"",$O27/$E27) | Q27: =IF($C27="","",IF($E27=0,"缺总工时",IF(ROUND($O27-$E27,2)>0,"工时超出","√")))
B28: 22 | F28: =IF($C28="","",$E28-$O28) | O28: =IF($C28="","",SUM(G28:N28)) | P28: =IF(OR($C28="",$E28=0),"",$O28/$E28) | Q28: =IF($C28="","",IF($E28=0,"缺总工时",IF(ROUND($O28-$E28,2)>0,"工时超出","√")))
B29: 23 | F29: =IF($C29="","",$E29-$O29) | O29: =IF($C29="","",SUM(G29:N29)) | P29: =IF(OR($C29="",$E29=0),"",$O29/$E29) | Q29: =IF($C29="","",IF($E29=0,"缺总工时",IF(ROUND($O29-$E29,2)>0,"工时超出","√")))
... B31: 25 | F31: =IF($C31="","",$E31-$O31) | O31: =IF($C31="","",SUM(G31:N31)) | P31: =IF(OR($C31="",$E31=0),"",$O31/$E31) | Q31: =IF($C31="","",IF($E31=0,"缺总工时",IF(ROUND($O31-$E31,2)>0,"工时超出","√")))
B32: 合 计 | E32: =SUM(E7:E31) -> 1980 | F32: =SUM(F7:F31) -> 1080 | G32: =SUM(G7:G31) -> 108 | H32: =SUM(H7:H31) -> 216 | I32: =SUM(I7:I31) -> 252 | J32: =SUM(J7:J31) -> 144 | K32: =SUM(K7:K31) -> 180 | L32: =SUM(L7:L31) -> 0 | ... O32: =SUM(O7:O31) -> 900 | P32: =IF($E32=0,"",$O32/$E32) -> 0.45454545
E34: 填 报： | N34: 研发负责人：
B36: 填表说明：黄色底纹＝手工填写；白色＝公式自动计算，请勿覆盖。非研发活动工时＝当月总工时−各项目工时合计。

Sheet 无形资产工时月报
B2: 无形资产工时分配表（月度）
P3: 日期(年/月)： | Q3: 46266
B4: 序号 | C4: 资产编号 | D4: 资产名称 | E4: 运行总工时 （小时） | F4: 非研发活动工时 （小时） | G4: 各项目分配工时（小时） | P4: 分摊系数 | Q4: 校验 | R4: 备注
G5: =说明与项目清单!$C$20 -> RD01 | H5: =说明与项目清单!$C$21 -> RD02 | I5: =说明与项目清单!$C$22 -> RD03 | J5: =说明与项目清单!$C$23 -> RD04 | K5: =说明与项目清单!$C$24 -> RD05 | L5: =说明与项目清单!$C$25 -> RD06 | M5: =说明与项目清单!$C$26 -> RD07 | N5: =说明与项目清单!$C$27 -> RD08 | O5: 合计 | P5: 研发工时/总工时
G6: =说明与项目清单!$D$20 -> 高导热复合胶带研发 | H6: =说明与项目清单!$D$21 -> 低介电泡棉材料研发 | I6: =说明与项目清单!$D$22 -> 精密分切工艺改进 | J6: =说明与项目清单!$D$23 -> 抗静电表面处理技术 | K6: =说明与项目清单!$D$24 -> 超薄贴合工艺开发 | L6: =说明与项目清单!$D$25 -> 0 | M6: =说明与项目清单!$D$26 -> 0 | N6: =说明与项目清单!$D$27 -> 0
B7: 1 | C7: Z0001 | D7: 硬力 | E7: 180 | F7: =IF($C7="","",$E7-$O7) -> 36 | G7: 36 | H7: 36 | I7: 36 | J7: 36 | O7: =IF($C7="","",SUM(G7:N7)) -> 144 | P7: =IF(OR($C7="",$E7=0),"",$O7/$E7) -> 0.8 | Q7: =IF($C7="","",IF($E7=0,"缺总工时",IF(ROUND($O7-$E7,2)>0,"工时超出","√"))) -> √
B8: 2 | C8: Z0002 | D8: 泡棉 | E8: 180 | F8: =IF($C8="","",$E8-$O8) -> 36 | H8: 36 | I8: 36 | J8: 36 | K8: 36 | O8: =IF($C8="","",SUM(G8:N8)) -> 144 | P8: =IF(OR($C8="",$E8=0),"",$O8/$E8) -> 0.8 | Q8: =IF($C8="","",IF($E8=0,"缺总工时",IF(ROUND($O8-$E8,2)>0,"工时超出","√"))) -> √
B9: 3 | C9: Z0003 | D9: 拉力 | E9: 180 | F9: =IF($C9="","",$E9-$O9) -> 72 | G9: 36 | I9: 36 | K9: 36 | O9: =IF($C9="","",SUM(G9:N9)) -> 108 | P9: =IF(OR($C9="",$E9=0),"",$O9/$E9) -> 0.6 | Q9: =IF($C9="","",IF($E9=0,"缺总工时",IF(ROUND($O9-$E9,2)>0,"工时超出","√"))) -> √
B10: 4 | C10: Z0004 | D10: 贴合 | E10: 180 | F10: =IF($C10="","",$E10-$O10) -> 108 | G10: 36 | H10: 36 | O10: =IF($C10="","",SUM(G10:N10)) -> 72 | P10: =IF(OR($C10="",$E10=0),"",$O10/$E10) -> 0.4 | Q10: =IF($C10="","",IF($E10=0,"缺总工时",IF(ROUND($O10-$E10,2)>0,"工时超出","√"))) -> √
B11: 5 | C11: Z0005 | D11: 拉手 | E11: 180 | F11: =IF($C11="","",$E11-$O11) -> 108 | J11: 36 | K11: 36 | O11: =IF($C11="","",SUM(G11:N11)) -> 72 | P11: =IF(OR($C11="",$E11=0),"",$O11/$E11) -> 0.4 | Q11: =IF($C11="","",IF($E11=0,"缺总工时",IF(ROUND($O11-$E11,2)>0,"工时超出","√"))) -> √
B12: 6 | C12: Z0006 | D12: 配比 | E12: 180 | F12: =IF($C12="","",$E12-$O12) -> 144 | I12: 36 | O12: =IF($C12="","",SUM(G12:N12)) -> 36 | P12: =IF(OR($C12="",$E12=0),"",$O12/$E12) -> 0.2 | Q12: =IF($C12="","",IF($E12=0,"缺总工时",IF(ROUND($O12-$E12,2)>0,"工时超出","√"))) -> √
B13: 7 | F13: =IF($C13="","",$E13-$O13) | O13: =IF($C13="","",SUM(G13:N13)) | P13: =IF(OR($C13="",$E13=0),"",$O13/$E13) | Q13: =IF($C13="","",IF($E13=0,"缺总工时",IF(ROUND($O13-$E13,2)>0,"工时超出","√")))
B14: 8 | F14: =IF($C14="","",$E14-$O14) | O14: =IF($C14="","",SUM(G14:N14)) | P14: =IF(OR($C14="",$E14=0),"",$O14/$E14) | Q14: =IF($C14="","",IF($E14=0,"缺总工时",IF(ROUND($O14-$E14,2)>0,"工时超出","√")))
B15: 9 | F15: =IF($C15="","",$E15-$O15) | O15: =IF($C15="","",SUM(G15:N15)) | P15: =IF(OR($C15="",$E15=0),"",$O15/$E15) | Q15: =IF($C15="","",IF($E15=0,"缺总工时",IF(ROUND($O15-$E15,2)>0,"工时超出","√")))
B16: 10 | F16: =IF($C16="","",$E16-$O16) | O16: =IF($C16="","",SUM(G16:N16)) | P16: =IF(OR($C16="",$E16=0),"",$O16/$E16) | Q16: =IF($C16="","",IF($E16=0,"缺总工时",IF(ROUND($O16-$E16,2)>0,"工时超出","√")))
B17: 11 | F17: =IF($C17="","",$E17-$O17) | O17: =IF($C17="","",SUM(G17:N17)) | P17: =IF(OR($C17="",$E17=0),"",$O17/$E17) | Q17: =IF($C17="","",IF($E17=0,"缺总工时",IF(ROUND($O17-$E17,2)>0,"工时超出","√")))
B18: 12 | F18: =IF($C18="","",$E18-$O18) | O18: =IF($C18="","",SUM(G18:N18)) | P18: =IF(OR($C18="",$E18=0),"",$O18/$E18) | Q18: =IF($C18="","",IF($E18=0,"缺总工时",IF(ROUND($O18-$E18,2)>0,"工时超出","√")))
B19: 13 | F19: =IF($C19="","",$E19-$O19) | O19: =IF($C19="","",SUM(G19:N19)) | P19: =IF(OR($C19="",$E19=0),"",$O19/$E19) | Q19: =IF($C19="","",IF($E19=0,"缺总工时",IF(ROUND($O19-$E19,2)>0,"工时超出","√")))
B20: 14 | F20: =IF($C20="","",$E20-$O20) | O20: =IF($C20="","",SUM(G20:N20)) | P20: =IF(OR($C20="",$E20=0),"",$O20/$E20) | Q20: =IF($C20="","",IF($E20=0,"缺总工时",IF(ROUND($O20-$E20,2)>0,"工时超出","√")))
B21: 15 | F21: =IF($C21="","",$E21-$O21) | O21: =IF($C21="","",SUM(G21:N21)) | P21: =IF(OR($C21="",$E21=0),"",$O21/$E21) | Q21: =IF($C21="","",IF($E21=0,"缺总工时",IF(ROUND($O21-$E21,2)>0,"工时超出","√")))
B22: 16 | F22: =IF($C22="","",$E22-$O22) | O22: =IF($C22="","",SUM(G22:N22)) | P22: =IF(OR($C22="",$E22=0),"",$O22/$E22) | Q22: =IF($C22="","",IF($E22=0,"缺总工时",IF(ROUND($O22-$E22,2)>0,"工时超出","√")))
B23: 17 | F23: =IF($C23="","",$E23-$O23) | O23: =IF($C23="","",SUM(G23:N23)) | P23: =IF(OR($C23="",$E23=0),"",$O23/$E23) | Q23: =IF($C23="","",IF($E23=0,"缺总工时",IF(ROUND($O23-$E23,2)>0,"工时超出","√")))
B24: 18 | F24: =IF($C24="","",$E24-$O24) | O24: =IF($C24="","",SUM(G24:N24)) | P24: =IF(OR($C24="",$E24=0),"",$O24/$E24) | Q24: =IF($C24="","",IF($E24=0,"缺总工时",IF(ROUND($O24-$E24,2)>0,"工时超出","√")))
... B26: 20 | F26: =IF($C26="","",$E26-$O26) | O26: =IF($C26="","",SUM(G26:N26)) | P26: =IF(OR($C26="",$E26=0),"",$O26/$E26) | Q26: =IF($C26="","",IF($E26=0,"缺总工时",IF(ROUND($O26-$E26,2)>0,"工时超出","√")))
B27: 合 计 | E27: =SUM(E7:E26) -> 1080 | F27: =SUM(F7:F26) -> 504 | G27: =SUM(G7:G26) -> 108 | H27: =SUM(H7:H26) -> 108 | I27: =SUM(I7:I26) -> 144 | J27: =SUM(J7:J26) -> 108 | K27: =SUM(K7:K26) -> 108 | L27: =SUM(L7:L26) -> 0 | ... O27: =SUM(O7:O26) -> 576 | P27: =IF($E27=0,"",$O27/$E27) -> 0.53333333
E29: 填 报： | N29: 研发负责人：
B31: 填表说明：黄色底纹＝手工填写；白色＝公式自动计算，请勿覆盖。非研发活动工时＝当月总工时−各项目工时合计。

Sheet 人员工时年度台账
B2: 2026年度 研发人员工时分配台账
P3: 年度： | Q3: 2026年
B4: 月份 | C4: 序号 | D4: 姓名 | E4: 当月总工时 （小时） | F4: 非研发活动工时 （小时） | G4: 各项目分配工时（小时） | P4: 分摊系数 | Q4: 备注 | R4: 校验
G5: =说明与项目清单!$C$20 -> RD01 | H5: =说明与项目清单!$C$21 -> RD02 | I5: =说明与项目清单!$C$22 -> RD03 | J5: =说明与项目清单!$C$23 -> RD04 | K5: =说明与项目清单!$C$24 -> RD05 | L5: =说明与项目清单!$C$25 -> RD06 | M5: =说明与项目清单!$C$26 -> RD07 | N5: =说明与项目清单!$C$27 -> RD08 | O5: 合计 | P5: 研发工时/总工时
G6: =说明与项目清单!$D$20 -> 高导热复合胶带研发 | H6: =说明与项目清单!$D$21 -> 低介电泡棉材料研发 | I6: =说明与项目清单!$D$22 -> 精密分切工艺改进 | J6: =说明与项目清单!$D$23 -> 抗静电表面处理技术 | K6: =说明与项目清单!$D$24 -> 超薄贴合工艺开发 | L6: =说明与项目清单!$D$25 -> 0 | M6: =说明与项目清单!$D$26 -> 0 | N6: =说明与项目清单!$D$27 -> 0
B7: 9 | C7: 1 | D7: 张三 | E7: 172.5 | F7: =IF($D7="","",$E7-$O7) -> 42.5 | G7: 60 | H7: 40 | I7: 30 | O7: =IF($D7="","",SUM(G7:N7)) -> 130 | P7: =IF(OR($D7="",$E7=0),"",$O7/$E7) -> 0.75362319 | Q7: 示例数据，启用前请清空 | R7: =IF($D7="","",IF($B7="","缺月份",IF($E7=0,"缺总工时",IF(ROUND($O7-$E7,2)>0,"工时超出","√")))) -> √
B8: 9 | C8: 2 | D8: 李四 | E8: 172.5 | F8: =IF($D8="","",$E8-$O8) -> 62.5 | H8: 50 | J8: 60 | O8: =IF($D8="","",SUM(G8:N8)) -> 110 | P8: =IF(OR($D8="",$E8=0),"",$O8/$E8) -> 0.63768116 | R8: =IF($D8="","",IF($B8="","缺月份",IF($E8=0,"缺总工时",IF(ROUND($O8-$E8,2)>0,"工时超出","√")))) -> √
B9: 9 | C9: 3 | D9: 王五 | E9: 172.5 | F9: =IF($D9="","",$E9-$O9) -> 52.5 | G9: 45 | I9: 45 | K9: 30 | O9: =IF($D9="","",SUM(G9:N9)) -> 120 | P9: =IF(OR($D9="",$E9=0),"",$O9/$E9) -> 0.69565217 | R9: =IF($D9="","",IF($B9="","缺月份",IF($E9=0,"缺总工时",IF(ROUND($O9-$E9,2)>0,"工时超出","√")))) -> √
B10: 9 | C10: 4 | D10: 赵六 | E10: 172.5 | F10: =IF($D10="","",$E10-$O10) -> 52.5 | I10: 70 | J10: 50 | O10: =IF($D10="","",SUM(G10:N10)) -> 120 | P10: =IF(OR($D10="",$E10=0),"",$O10/$E10) -> 0.69565217 | R10: =IF($D10="","",IF($B10="","缺月份",IF($E10=0,"缺总工时",IF(ROUND($O10-$E10,2)>0,"工时超出","√")))) -> √
B11: 9 | C11: 5 | D11: 陈七 | E11: 172.5 | F11: =IF($D11="","",$E11-$O11) -> 32.5 | G11: 30 | H11: 30 | K11: 80 | O11: =IF($D11="","",SUM(G11:N11)) -> 140 | P11: =IF(OR($D11="",$E11=0),"",$O11/$E11) -> 0.8115942 | R11: =IF($D11="","",IF($B11="","缺月份",IF($E11=0,"缺总工时",IF(ROUND($O11-$E11,2)>0,"工时超出","√")))) -> √
F12: =IF($D12="","",$E12-$O12) | O12: =IF($D12="","",SUM(G12:N12)) | P12: =IF(OR($D12="",$E12=0),"",$O12/$E12) | R12: =IF($D12="","",IF($B12="","缺月份",IF($E12=0,"缺总工时",IF(ROUND($O12-$E12,2)>0,"工时超出","√"))))
F13: =IF($D13="","",$E13-$O13) | O13: =IF($D13="","",SUM(G13:N13)) | P13: =IF(OR($D13="",$E13=0),"",$O13/$E13) | R13: =IF($D13="","",IF($B13="","缺月份",IF($E13=0,"缺总工时",IF(ROUND($O13-$E13,2)>0,"工时超出","√"))))
F14: =IF($D14="","",$E14-$O14) | O14: =IF($D14="","",SUM(G14:N14)) | P14: =IF(OR($D14="",$E14=0),"",$O14/$E14) | R14: =IF($D14="","",IF($B14="","缺月份",IF($E14=0,"缺总工时",IF(ROUND($O14-$E14,2)>0,"工时超出","√"))))
F15: =IF($D15="","",$E15-$O15) | O15: =IF($D15="","",SUM(G15:N15)) | P15: =IF(OR($D15="",$E15=0),"",$O15/$E15) | R15: =IF($D15="","",IF($B15="","缺月份",IF($E15=0,"缺总工时",IF(ROUND($O15-$E15,2)>0,"工时超出","√"))))
F16: =IF($D16="","",$E16-$O16) | O16: =IF($D16="","",SUM(G16:N16)) | P16: =IF(OR($D16="",$E16=0),"",$O16/$E16) | R16: =IF($D16="","",IF($B16="","缺月份",IF($E16=0,"缺总工时",IF(ROUND($O16-$E16,2)>0,"工时超出","√"))))
F17: =IF($D17="","",$E17-$O17) | O17: =IF($D17="","",SUM(G17:N17)) | P17: =IF(OR($D17="",$E17=0),"",$O17/$E17) | R17: =IF($D17="","",IF($B17="","缺月份",IF($E17=0,"缺总工时",IF(ROUND($O17-$E17,2)>0,"工时超出","√"))))
F18: =IF($D18="","",$E18-$O18) | O18: =IF($D18="","",SUM(G18:N18)) | P18: =IF(OR($D18="",$E18=0),"",$O18/$E18) | R18: =IF($D18="","",IF($B18="","缺月份",IF($E18=0,"缺总工时",IF(ROUND($O18-$E18,2)>0,"工时超出","√"))))
F19: =IF($D19="","",$E19-$O19) | O19: =IF($D19="","",SUM(G19:N19)) | P19: =IF(OR($D19="",$E19=0),"",$O19/$E19) | R19: =IF($D19="","",IF($B19="","缺月份",IF($E19=0,"缺总工时",IF(ROUND($O19-$E19,2)>0,"工时超出","√"))))
F20: =IF($D20="","",$E20-$O20) | O20: =IF($D20="","",SUM(G20:N20)) | P20: =IF(OR($D20="",$E20=0),"",$O20/$E20) | R20: =IF($D20="","",IF($B20="","缺月份",IF($E20=0,"缺总工时",IF(ROUND($O20-$E20,2)>0,"工时超出","√"))))
F21: =IF($D21="","",$E21-$O21) | O21: =IF($D21="","",SUM(G21:N21)) | P21: =IF(OR($D21="",$E21=0),"",$O21/$E21) | R21: =IF($D21="","",IF($B21="","缺月份",IF($E21=0,"缺总工时",IF(ROUND($O21-$E21,2)>0,"工时超出","√"))))
F22: =IF($D22="","",$E22-$O22) | O22: =IF($D22="","",SUM(G22:N22)) | P22: =IF(OR($D22="",$E22=0),"",$O22/$E22) | R22: =IF($D22="","",IF($B22="","缺月份",IF($E22=0,"缺总工时",IF(ROUND($O22-$E22,2)>0,"工时超出","√"))))
F23: =IF($D23="","",$E23-$O23) | O23: =IF($D23="","",SUM(G23:N23)) | P23: =IF(OR($D23="",$E23=0),"",$O23/$E23) | R23: =IF($D23="","",IF($B23="","缺月份",IF($E23=0,"缺总工时",IF(ROUND($O23-$E23,2)>0,"工时超出","√"))))
... F126: =IF($D126="","",$E126-$O126) | O126: =IF($D126="","",SUM(G126:N126)) | P126: =IF(OR($D126="",$E126=0),"",$O126/$E126) | R126: =IF($D126="","",IF($B126="","缺月份",IF($E126=0,"缺总工时",IF(ROUND($O126-$E126,2)>0,"工时超出","√"))))

Sheet 设备工时年度台账
B2: 2026年度 研发设备工时分配台账
Q3: 年度： | R3: 2026年
B4: 月份 | C4: 序号 | D4: 设备编号 | E4: 设备名称 | F4: 运行总工时 （小时） | G4: 非研发活动工时 （小时） | H4: 各项目分配工时（小时） | Q4: 分摊系数 | R4: 备注 | S4: 校验
H5: =说明与项目清单!$C$20 -> RD01 | I5: =说明与项目清单!$C$21 -> RD02 | J5: =说明与项目清单!$C$22 -> RD03 | K5: =说明与项目清单!$C$23 -> RD04 | L5: =说明与项目清单!$C$24 -> RD05 | M5: =说明与项目清单!$C$25 -> RD06 | N5: =说明与项目清单!$C$26 -> RD07 | O5: =说明与项目清单!$C$27 -> RD08 | P5: 合计 | Q5: 研发工时/总工时
H6: =说明与项目清单!$D$20 -> 高导热复合胶带研发 | I6: =说明与项目清单!$D$21 -> 低介电泡棉材料研发 | J6: =说明与项目清单!$D$22 -> 精密分切工艺改进 | K6: =说明与项目清单!$D$23 -> 抗静电表面处理技术 | L6: =说明与项目清单!$D$24 -> 超薄贴合工艺开发 | M6: =说明与项目清单!$D$25 -> 0 | N6: =说明与项目清单!$D$26 -> 0 | O6: =说明与项目清单!$D$27 -> 0
B7: 9 | C7: 1 | D7: 046 | E7: 贴合分条机 | F7: 180 | G7: =IF($D7="","",$F7-$P7) -> 36 | H7: 36 | I7: 36 | K7: 36 | L7: 36 | P7: =IF($D7="","",SUM(H7:O7)) -> 144 | Q7: =IF(OR($D7="",$F7=0),"",$P7/$F7) -> 0.8 | R7: 共用；示例数据，启用前请清空 | S7: =IF($D7="","",IF($B7="","缺月份",IF($F7=0,"缺总工时",IF(ROUND($P7-$F7,2)>0,"工时超出","√")))) -> √
B8: 9 | C8: 2 | D8: 054 | E8: 风淋室 | F8: 180 | G8: =IF($D8="","",$F8-$P8) -> 72 | I8: 36 | J8: 36 | K8: 36 | P8: =IF($D8="","",SUM(H8:O8)) -> 108 | Q8: =IF(OR($D8="",$F8=0),"",$P8/$F8) -> 0.6 | R8: 共用 | S8: =IF($D8="","",IF($B8="","缺月份",IF($F8=0,"缺总工时",IF(ROUND($P8-$F8,2)>0,"工时超出","√")))) -> √
B9: 9 | C9: 3 | D9: 084 | E9: 1450分条机 | F9: 180 | G9: =IF($D9="","",$F9-$P9) -> 36 | H9: 36 | I9: 36 | J9: 36 | L9: 36 | P9: =IF($D9="","",SUM(H9:O9)) -> 144 | Q9: =IF(OR($D9="",$F9=0),"",$P9/$F9) -> 0.8 | R9: 共用 | S9: =IF($D9="","",IF($B9="","缺月份",IF($F9=0,"缺总工时",IF(ROUND($P9-$F9,2)>0,"工时超出","√")))) -> √
B10: 9 | C10: 4 | D10: 083 | E10: 650贴合机 | F10: 180 | G10: =IF($D10="","",$F10-$P10) -> 72 | J10: 36 | K10: 36 | L10: 36 | P10: =IF($D10="","",SUM(H10:O10)) -> 108 | Q10: =IF(OR($D10="",$F10=0),"",$P10/$F10) -> 0.6 | R10: 共用 | S10: =IF($D10="","",IF($B10="","缺月份",IF($F10=0,"缺总工时",IF(ROUND($P10-$F10,2)>0,"工时超出","√")))) -> √
B11: 9 | C11: 5 | D11: 072 | E11: 650表面卷曲分条机 | F11: 180 | G11: =IF($D11="","",$F11-$P11) -> 108 | J11: 36 | L11: 36 | P11: =IF($D11="","",SUM(H11:O11)) -> 72 | Q11: =IF(OR($D11="",$F11=0),"",$P11/$F11) -> 0.4 | R11: 共用 | S11: =IF($D11="","",IF($B11="","缺月份",IF($F11=0,"缺总工时",IF(ROUND($P11-$F11,2)>0,"工时超出","√")))) -> √
B12: 9 | C12: 6 | D12: 082 | E12: 精密双轴分切机 | F12: 180 | G12: =IF($D12="","",$F12-$P12) -> 144 | J12: 36 | P12: =IF($D12="","",SUM(H12:O12)) -> 36 | Q12: =IF(OR($D12="",$F12=0),"",$P12/$F12) -> 0.2 | R12: 共用 | S12: =IF($D12="","",IF($B12="","缺月份",IF($F12=0,"缺总工时",IF(ROUND($P12-$F12,2)>0,"工时超出","√")))) -> √
B13: 9 | C13: 7 | D13: 071 | E13: 高精密立板式涂布机 | F13: 180 | G13: =IF($D13="","",$F13-$P13) -> 144 | J13: 36 | P13: =IF($D13="","",SUM(H13:O13)) -> 36 | Q13: =IF(OR($D13="",$F13=0),"",$P13/$F13) -> 0.2 | R13: 共用 | S13: =IF($D13="","",IF($B13="","缺月份",IF($F13=0,"缺总工时",IF(ROUND($P13-$F13,2)>0,"工时超出","√")))) -> √
B14: 9 | C14: 8 | D14: 080 | E14: 傅里叶变换红外光谱仪 | F14: 180 | G14: =IF($D14="","",$F14-$P14) -> 180 | P14: =IF($D14="","",SUM(H14:O14)) -> 0 | Q14: =IF(OR($D14="",$F14=0),"",$P14/$F14) -> 0 | R14: 共用 | S14: =IF($D14="","",IF($B14="","缺月份",IF($F14=0,"缺总工时",IF(ROUND($P14-$F14,2)>0,"工时超出","√")))) -> √
B15: 9 | C15: 9 | D15: 086 | E15: 1300高精密复卷机 | F15: 180 | G15: =IF($D15="","",$F15-$P15) -> 144 | I15: 36 | P15: =IF($D15="","",SUM(H15:O15)) -> 36 | Q15: =IF(OR($D15="",$F15=0),"",$P15/$F15) -> 0.2 | R15: 共用 | S15: =IF($D15="","",IF($B15="","缺月份",IF($F15=0,"缺总工时",IF(ROUND($P15-$F15,2)>0,"工时超出","√")))) -> √
B16: 9 | C16: 10 | D16: 079 | E16: 1200MM泡棉分条机 | F16: 180 | G16: =IF($D16="","",$F16-$P16) -> 144 | I16: 36 | P16: =IF($D16="","",SUM(H16:O16)) -> 36 | Q16: =IF(OR($D16="",$F16=0),"",$P16/$F16) -> 0.2 | R16: 共用 | S16: =IF($D16="","",IF($B16="","缺月份",IF($F16=0,"缺总工时",IF(ROUND($P16-$F16,2)>0,"工时超出","√")))) -> √
B17: 9 | C17: 11 | D17: 081 | E17: 表面电阻测试仪 | F17: 180 | G17: =IF($D17="","",$F17-$P17) -> 0 | H17: 36 | I17: 36 | J17: 36 | K17: 36 | L17: 36 | P17: =IF($D17="","",SUM(H17:O17)) -> 180 | Q17: =IF(OR($D17="",$F17=0),"",$P17/$F17) -> 1 | R17: 研发专用 | S17: =IF($D17="","",IF($B17="","缺月份",IF($F17=0,"缺总工时",IF(ROUND($P17-$F17,2)>0,"工时超出","√")))) -> √
G18: =IF($D18="","",$F18-$P18) | P18: =IF($D18="","",SUM(H18:O18)) | Q18: =IF(OR($D18="",$F18=0),"",$P18/$F18) | S18: =IF($D18="","",IF($B18="","缺月份",IF($F18=0,"缺总工时",IF(ROUND($P18-$F18,2)>0,"工时超出","√"))))
G19: =IF($D19="","",$F19-$P19) | P19: =IF($D19="","",SUM(H19:O19)) | Q19: =IF(OR($D19="",$F19=0),"",$P19/$F19) | S19: =IF($D19="","",IF($B19="","缺月份",IF($F19=0,"缺总工时",IF(ROUND($P19-$F19,2)>0,"工时超出","√"))))
G20: =IF($D20="","",$F20-$P20) | P20: =IF($D20="","",SUM(H20:O20)) | Q20: =IF(OR($D20="",$F20=0),"",$P20/$F20) | S20: =IF($D20="","",IF($B20="","缺月份",IF($F20=0,"缺总工时",IF(ROUND($P20-$F20,2)>0,"工时超出","√"))))
G21: =IF($D21="","",$F21-$P21) | P21: =IF($D21="","",SUM(H21:O21)) | Q21: =IF(OR($D21="",$F21=0),"",$P21/$F21) | S21: =IF($D21="","",IF($B21="","缺月份",IF($F21=0,"缺总工时",IF(ROUND($P21-$F21,2)>0,"工时超出","√"))))
G22: =IF($D22="","",$F22-$P22) | P22: =IF($D22="","",SUM(H22:O22)) | Q22: =IF(OR($D22="",$F22=0),"",$P22/$F22) | S22: =IF($D22="","",IF($B22="","缺月份",IF($F22=0,"缺总工时",IF(ROUND($P22-$F22,2)>0,"工时超出","√"))))
G23: =IF($D23="","",$F23-$P23) | P23: =IF($D23="","",SUM(H23:O23)) | Q23: =IF(OR($D23="",$F23=0),"",$P23/$F23) | S23: =IF($D23="","",IF($B23="","缺月份",IF($F23=0,"缺总工时",IF(ROUND($P23-$F23,2)>0,"工时超出","√"))))
G24: =IF($D24="","",$F24-$P24) | P24: =IF($D24="","",SUM(H24:O24)) | Q24: =IF(OR($D24="",$F24=0),"",$P24/$F24) | S24: =IF($D24="","",IF($B24="","缺月份",IF($F24=0,"缺总工时",IF(ROUND($P24-$F24,2)>0,"工时超出","√"))))
G25: =IF($D25="","",$F25-$P25) | P25: =IF($D25="","",SUM(H25:O25)) | Q25: =IF(OR($D25="",$F25=0),"",$P25/$F25) | S25: =IF($D25="","",IF($B25="","缺月份",IF($F25=0,"缺总工时",IF(ROUND($P25-$F25,2)>0,"工时超出","√"))))
G26: =IF($D26="","",$F26-$P26) | P26: =IF($D26="","",SUM(H26:O26)) | Q26: =IF(OR($D26="",$F26=0),"",$P26/$F26) | S26: =IF($D26="","",IF($B26="","缺月份",IF($F26=0,"缺总工时",IF(ROUND($P26-$F26,2)>0,"工时超出","√"))))
G27: =IF($D27="","",$F27-$P27) | P27: =IF($D27="","",SUM(H27:O27)) | Q27: =IF(OR($D27="",$F27=0),"",$P27/$F27) | S27: =IF($D27="","",IF($B27="","缺月份",IF($F27=0,"缺总工时",IF(ROUND($P27-$F27,2)>0,"工时超出","√"))))
G28: =IF($D28="","",$F28-$P28) | P28: =IF($D28="","",SUM(H28:O28)) | Q28: =IF(OR($D28="",$F28=0),"",$P28/$F28) | S28: =IF($D28="","",IF($B28="","缺月份",IF($F28=0,"缺总工时",IF(ROUND($P28-$F28,2)>0,"工时超出","√"))))
G29: =IF($D29="","",$F29-$P29) | P29: =IF($D29="","",SUM(H29:O29)) | Q29: =IF(OR($D29="",$F29=0),"",$P29/$F29) | S29: =IF($D29="","",IF($B29="","缺月份",IF($F29=0,"缺总工时",IF(ROUND($P29-$F29,2)>0,"工时超出","√"))))
... G150: =IF($D150="","",$F150-$P150) | P150: =IF($D150="","",SUM(H150:O150)) | Q150: =IF(OR($D150="",$F150=0),"",$P150/$F150) | S150: =IF($D150="","",IF($B150="","缺月份",IF($F150=0,"缺总工时",IF(ROUND($P150-$F150,2)>0,"工时超出","√"))))

Sheet 无形资产工时年度台账
B2: 2026年度 无形资产工时分配台账
Q3: 年度： | R3: 2026年
B4: 月份 | C4: 序号 | D4: 资产编号 | E4: 资产名称 | F4: 运行总工时 （小时） | G4: 非研发活动工时 （小时） | H4: 各项目分配工时（小时） | Q4: 分摊系数 | R4: 备注 | S4: 校验
H5: =说明与项目清单!$C$20 -> RD01 | I5: =说明与项目清单!$C$21 -> RD02 | J5: =说明与项目清单!$C$22 -> RD03 | K5: =说明与项目清单!$C$23 -> RD04 | L5: =说明与项目清单!$C$24 -> RD05 | M5: =说明与项目清单!$C$25 -> RD06 | N5: =说明与项目清单!$C$26 -> RD07 | O5: =说明与项目清单!$C$27 -> RD08 | P5: 合计 | Q5: 研发工时/总工时
H6: =说明与项目清单!$D$20 -> 高导热复合胶带研发 | I6: =说明与项目清单!$D$21 -> 低介电泡棉材料研发 | J6: =说明与项目清单!$D$22 -> 精密分切工艺改进 | K6: =说明与项目清单!$D$23 -> 抗静电表面处理技术 | L6: =说明与项目清单!$D$24 -> 超薄贴合工艺开发 | M6: =说明与项目清单!$D$25 -> 0 | N6: =说明与项目清单!$D$26 -> 0 | O6: =说明与项目清单!$D$27 -> 0
B7: 9 | C7: 1 | D7: Z0001 | E7: 硬力 | F7: 180 | G7: =IF($D7="","",$F7-$P7) -> 36 | H7: 36 | I7: 36 | J7: 36 | K7: 36 | P7: =IF($D7="","",SUM(H7:O7)) -> 144 | Q7: =IF(OR($D7="",$F7=0),"",$P7/$F7) -> 0.8 | R7: 示例数据，启用前请清空 | S7: =IF($D7="","",IF($B7="","缺月份",IF($F7=0,"缺总工时",IF(ROUND($P7-$F7,2)>0,"工时超出","√")))) -> √
B8: 9 | C8: 2 | D8: Z0002 | E8: 泡棉 | F8: 180 | G8: =IF($D8="","",$F8-$P8) -> 36 | I8: 36 | J8: 36 | K8: 36 | L8: 36 | P8: =IF($D8="","",SUM(H8:O8)) -> 144 | Q8: =IF(OR($D8="",$F8=0),"",$P8/$F8) -> 0.8 | S8: =IF($D8="","",IF($B8="","缺月份",IF($F8=0,"缺总工时",IF(ROUND($P8-$F8,2)>0,"工时超出","√")))) -> √
B9: 9 | C9: 3 | D9: Z0003 | E9: 拉力 | F9: 180 | G9: =IF($D9="","",$F9-$P9) -> 72 | H9: 36 | J9: 36 | L9: 36 | P9: =IF($D9="","",SUM(H9:O9)) -> 108 | Q9: =IF(OR($D9="",$F9=0),"",$P9/$F9) -> 0.6 | S9: =IF($D9="","",IF($B9="","缺月份",IF($F9=0,"缺总工时",IF(ROUND($P9-$F9,2)>0,"工时超出","√")))) -> √
B10: 9 | C10: 4 | D10: Z0004 | E10: 贴合 | F10: 180 | G10: =IF($D10="","",$F10-$P10) -> 108 | H10: 36 | I10: 36 | P10: =IF($D10="","",SUM(H10:O10)) -> 72 | Q10: =IF(OR($D10="",$F10=0),"",$P10/$F10) -> 0.4 | S10: =IF($D10="","",IF($B10="","缺月份",IF($F10=0,"缺总工时",IF(ROUND($P10-$F10,2)>0,"工时超出","√")))) -> √
B11: 9 | C11: 5 | D11: Z0005 | E11: 拉手 | F11: 180 | G11: =IF($D11="","",$F11-$P11) -> 108 | K11: 36 | L11: 36 | P11: =IF($D11="","",SUM(H11:O11)) -> 72 | Q11: =IF(OR($D11="",$F11=0),"",$P11/$F11) -> 0.4 | S11: =IF($D11="","",IF($B11="","缺月份",IF($F11=0,"缺总工时",IF(ROUND($P11-$F11,2)>0,"工时超出","√")))) -> √
B12: 9 | C12: 6 | D12: Z0006 | E12: 配比 | F12: 180 | G12: =IF($D12="","",$F12-$P12) -> 144 | J12: 36 | P12: =IF($D12="","",SUM(H12:O12)) -> 36 | Q12: =IF(OR($D12="",$F12=0),"",$P12/$F12) -> 0.2 | S12: =IF($D12="","",IF($B12="","缺月份",IF($F12=0,"缺总工时",IF(ROUND($P12-$F12,2)>0,"工时超出","√")))) -> √
G13: =IF($D13="","",$F13-$P13) | P13: =IF($D13="","",SUM(H13:O13)) | Q13: =IF(OR($D13="",$F13=0),"",$P13/$F13) | S13: =IF($D13="","",IF($B13="","缺月份",IF($F13=0,"缺总工时",IF(ROUND($P13-$F13,2)>0,"工时超出","√"))))
G14: =IF($D14="","",$F14-$P14) | P14: =IF($D14="","",SUM(H14:O14)) | Q14: =IF(OR($D14="",$F14=0),"",$P14/$F14) | S14: =IF($D14="","",IF($B14="","缺月份",IF($F14=0,"缺总工时",IF(ROUND($P14-$F14,2)>0,"工时超出","√"))))
G15: =IF($D15="","",$F15-$P15) | P15: =IF($D15="","",SUM(H15:O15)) | Q15: =IF(OR($D15="",$F15=0),"",$P15/$F15) | S15: =IF($D15="","",IF($B15="","缺月份",IF($F15=0,"缺总工时",IF(ROUND($P15-$F15,2)>0,"工时超出","√"))))
G16: =IF($D16="","",$F16-$P16) | P16: =IF($D16="","",SUM(H16:O16)) | Q16: =IF(OR($D16="",$F16=0),"",$P16/$F16) | S16: =IF($D16="","",IF($B16="","缺月份",IF($F16=0,"缺总工时",IF(ROUND($P16-$F16,2)>0,"工时超出","√"))))
G17: =IF($D17="","",$F17-$P17) | P17: =IF($D17="","",SUM(H17:O17)) | Q17: =IF(OR($D17="",$F17=0),"",$P17/$F17) | S17: =IF($D17="","",IF($B17="","缺月份",IF($F17=0,"缺总工时",IF(ROUND($P17-$F17,2)>0,"工时超出","√"))))
G18: =IF($D18="","",$F18-$P18) | P18: =IF($D18="","",SUM(H18:O18)) | Q18: =IF(OR($D18="",$F18=0),"",$P18/$F18) | S18: =IF($D18="","",IF($B18="","缺月份",IF($F18=0,"缺总工时",IF(ROUND($P18-$F18,2)>0,"工时超出","√"))))
G19: =IF($D19="","",$F19-$P19) | P19: =IF($D19="","",SUM(H19:O19)) | Q19: =IF(OR($D19="",$F19=0),"",$P19/$F19) | S19: =IF($D19="","",IF($B19="","缺月份",IF($F19=0,"缺总工时",IF(ROUND($P19-$F19,2)>0,"工时超出","√"))))
G20: =IF($D20="","",$F20-$P20) | P20: =IF($D20="","",SUM(H20:O20)) | Q20: =IF(OR($D20="",$F20=0),"",$P20/$F20) | S20: =IF($D20="","",IF($B20="","缺月份",IF($F20=0,"缺总工时",IF(ROUND($P20-$F20,2)>0,"工时超出","√"))))
G21: =IF($D21="","",$F21-$P21) | P21: =IF($D21="","",SUM(H21:O21)) | Q21: =IF(OR($D21="",$F21=0),"",$P21/$F21) | S21: =IF($D21="","",IF($B21="","缺月份",IF($F21=0,"缺总工时",IF(ROUND($P21-$F21,2)>0,"工时超出","√"))))
G22: =IF($D22="","",$F22-$P22) | P22: =IF($D22="","",SUM(H22:O22)) | Q22: =IF(OR($D22="",$F22=0),"",$P22/$F22) | S22: =IF($D22="","",IF($B22="","缺月份",IF($F22=0,"缺总工时",IF(ROUND($P22-$F22,2)>0,"工时超出","√"))))
G23: =IF($D23="","",$F23-$P23) | P23: =IF($D23="","",SUM(H23:O23)) | Q23: =IF(OR($D23="",$F23=0),"",$P23/$F23) | S23: =IF($D23="","",IF($B23="","缺月份",IF($F23=0,"缺总工时",IF(ROUND($P23-$F23,2)>0,"工时超出","√"))))
G24: =IF($D24="","",$F24-$P24) | P24: =IF($D24="","",SUM(H24:O24)) | Q24: =IF(OR($D24="",$F24=0),"",$P24/$F24) | S24: =IF($D24="","",IF($B24="","缺月份",IF($F24=0,"缺总工时",IF(ROUND($P24-$F24,2)>0,"工时超出","√"))))
... G102: =IF($D102="","",$F102-$P102) | P102: =IF($D102="","",SUM(H102:O102)) | Q102: =IF(OR($D102="",$F102=0),"",$P102/$F102) | S102: =IF($D102="","",IF($B102="","缺月份",IF($F102=0,"缺总工时",IF(ROUND($P102-$F102,2)>0,"工时超出","√"))))
